{
 "viewBox": "55 52 4850 3405",
 "tables": {
  "1": {
   "cx": 1930.9344,
   "cy": 1910.1080000000002,
   "r": 62.817999999999984
  },
  "2": {
   "cx": 1946.8464,
   "cy": 1618.4830000000002,
   "r": 62.817999999999984
  },
  "3": {
   "cx": 2188.6024,
   "cy": 2009.9420000000002,
   "r": 62.81800000000021
  },
  "4": {
   "cx": 2199.2374000000004,
   "cy": 1709.009,
   "r": 62.81800000000021
  },
  "5": {
   "cx": 2465.3454,
   "cy": 2020.3440000000003,
   "r": 62.81800000000021
  },
  "6": {
   "cx": 2468.5934,
   "cy": 1711.659,
   "r": 62.81800000000021
  },
  "7": {
   "cx": 3132.7534,
   "cy": 2009.1980000000003,
   "r": 62.81800000000021
  },
  "8": {
   "cx": 3134.2294,
   "cy": 1708.291,
   "r": 62.81800000000021
  },
  "9": {
   "cx": 3398.6843999999996,
   "cy": 2019.836,
   "r": 62.81800000000021
  },
  "10": {
   "cx": 3399.1474000000003,
   "cy": 1725.854,
   "r": 62.81800000000021
  },
  "11": {
   "cx": 3686.8324000000002,
   "cy": 2018.196,
   "r": 62.81800000000021
  },
  "12": {
   "cx": 3676.9424,
   "cy": 1724.8290000000002,
   "r": 62.81800000000021
  }
 },
 "seats": {
  "12-5": {
   "cx": 3686.4921999999997,
   "cy": 1811.366
  },
  "12-1": {
   "cx": 3692.5208,
   "cy": 1638.293
  },
  "12-7": {
   "cx": 3602.97,
   "cy": 1721.8151999999998
  },
  "12-3": {
   "cx": 3776.043,
   "cy": 1727.8437999999999
  },
  "12-6": {
   "cx": 3626.1843999999996,
   "cy": 1783.8884000000003
  },
  "12-2": {
   "cx": 3752.8286,
   "cy": 1665.7696
  },
  "12-8": {
   "cx": 3630.4466,
   "cy": 1661.5074
  },
  "12-4": {
   "cx": 3748.5654000000004,
   "cy": 1788.1516
  },
  "11-5": {
   "cx": 3696.3822,
   "cy": 2104.733
  },
  "11-1": {
   "cx": 3702.4108,
   "cy": 1931.6600000000003
  },
  "11-7": {
   "cx": 3612.8600000000006,
   "cy": 2015.1822
  },
  "11-3": {
   "cx": 3785.933,
   "cy": 2021.2108
  },
  "11-6": {
   "cx": 3636.0744,
   "cy": 2077.2554000000005
  },
  "11-4": {
   "cx": 3758.4554,
   "cy": 2081.5186
  },
  "11-2": {
   "cx": 3762.7186,
   "cy": 1959.1366000000003
  },
  "11-8": {
   "cx": 3640.3365999999996,
   "cy": 1954.8744
  },
  "10-5": {
   "cx": 3408.6971999999996,
   "cy": 1812.391
  },
  "10-1": {
   "cx": 3414.7248,
   "cy": 1639.3169999999998
  },
  "10-7": {
   "cx": 3325.174,
   "cy": 1722.8402
  },
  "10-3": {
   "cx": 3498.2479999999996,
   "cy": 1728.8678
  },
  "10-6": {
   "cx": 3348.3894,
   "cy": 1784.9134
  },
  "10-2": {
   "cx": 3475.0326,
   "cy": 1666.7946
  },
  "10-8": {
   "cx": 3352.6516,
   "cy": 1662.5324
  },
  "10-4": {
   "cx": 3470.7704000000003,
   "cy": 1789.1756
  },
  "9-5": {
   "cx": 3408.2342,
   "cy": 2106.3719999999994
  },
  "9-1": {
   "cx": 3414.2628000000004,
   "cy": 1933.2989999999998
  },
  "9-7": {
   "cx": 3324.7120000000004,
   "cy": 2016.8211999999999
  },
  "9-3": {
   "cx": 3497.785,
   "cy": 2022.8498
  },
  "9-6": {
   "cx": 3347.9263999999994,
   "cy": 2078.8954000000003
  },
  "9-4": {
   "cx": 3470.3074,
   "cy": 2083.1576
  },
  "9-2": {
   "cx": 3474.5706,
   "cy": 1960.7766
  },
  "9-8": {
   "cx": 3352.1886000000004,
   "cy": 1956.5133999999998
  },
  "8-5": {
   "cx": 3143.7792,
   "cy": 1794.828
  },
  "8-1": {
   "cx": 3149.8077999999996,
   "cy": 1621.754
  },
  "8-7": {
   "cx": 3060.257,
   "cy": 1705.2772
  },
  "8-3": {
   "cx": 3233.33,
   "cy": 1711.3048
  },
  "8-6": {
   "cx": 3083.4714,
   "cy": 1767.3504
  },
  "8-2": {
   "cx": 3210.1155999999996,
   "cy": 1649.2315999999998
  },
  "8-8": {
   "cx": 3087.7336,
   "cy": 1644.9694
  },
  "8-4": {
   "cx": 3205.8524,
   "cy": 1771.6126
  },
  "7-5": {
   "cx": 3142.3032,
   "cy": 2095.735
  },
  "7-1": {
   "cx": 3148.3318000000004,
   "cy": 1922.6619999999998
  },
  "7-7": {
   "cx": 3058.781,
   "cy": 2006.1841999999997
  },
  "7-3": {
   "cx": 3231.8539999999994,
   "cy": 2012.2128
  },
  "7-6": {
   "cx": 3081.9954,
   "cy": 2068.2574
  },
  "7-4": {
   "cx": 3204.3774000000003,
   "cy": 2072.5206000000003
  },
  "7-2": {
   "cx": 3208.6396,
   "cy": 1950.1385999999998
  },
  "7-8": {
   "cx": 3086.2586,
   "cy": 1945.8763999999999
  },
  "6-5": {
   "cx": 2478.1432,
   "cy": 1798.196
  },
  "6-1": {
   "cx": 2484.1718,
   "cy": 1625.123
  },
  "6-7": {
   "cx": 2394.621,
   "cy": 1708.6451999999997
  },
  "6-3": {
   "cx": 2567.6939999999995,
   "cy": 1714.6738
  },
  "6-6": {
   "cx": 2417.8354000000004,
   "cy": 1770.7184000000002
  },
  "6-2": {
   "cx": 2544.4796,
   "cy": 1652.5996
  },
  "6-8": {
   "cx": 2422.0975999999996,
   "cy": 1648.3374
  },
  "6-4": {
   "cx": 2540.2164000000002,
   "cy": 1774.9816000000003
  },
  "5-5": {
   "cx": 2474.8941999999997,
   "cy": 2106.88
  },
  "5-1": {
   "cx": 2480.9228000000003,
   "cy": 1933.807
  },
  "5-7": {
   "cx": 2391.372,
   "cy": 2017.3291999999997
  },
  "5-3": {
   "cx": 2564.446,
   "cy": 2023.3578000000002
  },
  "5-6": {
   "cx": 2414.5874,
   "cy": 2079.4034
  },
  "5-4": {
   "cx": 2536.9684,
   "cy": 2083.6656
  },
  "5-2": {
   "cx": 2541.2306000000003,
   "cy": 1961.2845999999997
  },
  "5-8": {
   "cx": 2418.8496,
   "cy": 1957.0214
  },
  "4-5": {
   "cx": 2208.7871999999998,
   "cy": 1795.5459999999998
  },
  "4-1": {
   "cx": 2214.8158000000003,
   "cy": 1622.472
  },
  "4-7": {
   "cx": 2125.264,
   "cy": 1705.9952
  },
  "4-3": {
   "cx": 2298.3379999999997,
   "cy": 1712.0228
  },
  "4-6": {
   "cx": 2148.4793999999997,
   "cy": 1768.0684
  },
  "4-2": {
   "cx": 2275.1236000000004,
   "cy": 1649.9496
  },
  "4-8": {
   "cx": 2152.7416,
   "cy": 1645.6874
  },
  "4-4": {
   "cx": 2270.8604,
   "cy": 1772.3306
  },
  "3-5": {
   "cx": 2198.1522,
   "cy": 2096.4789999999994
  },
  "3-1": {
   "cx": 2204.1807999999996,
   "cy": 1923.405
  },
  "3-7": {
   "cx": 2114.63,
   "cy": 2006.9281999999998
  },
  "3-3": {
   "cx": 2287.7029999999995,
   "cy": 2012.9568
  },
  "3-6": {
   "cx": 2137.8444000000004,
   "cy": 2069.0014
  },
  "3-4": {
   "cx": 2260.2254000000003,
   "cy": 2073.2646
  },
  "3-2": {
   "cx": 2264.4885999999997,
   "cy": 1950.8825999999997
  },
  "3-8": {
   "cx": 2142.1065999999996,
   "cy": 1946.6203999999998
  },
  "2-3": {
   "cx": 2045.9470000000001,
   "cy": 1621.4978
  },
  "2-5": {
   "cx": 1956.3962,
   "cy": 1705.02
  },
  "2-1": {
   "cx": 1962.4248,
   "cy": 1531.947
  },
  "2-7": {
   "cx": 1872.873,
   "cy": 1615.4692
  },
  "2-6": {
   "cx": 1896.0884,
   "cy": 1677.5423999999998
  },
  "2-2": {
   "cx": 2022.7316000000003,
   "cy": 1559.4236
  },
  "2-8": {
   "cx": 1900.3506000000002,
   "cy": 1555.1613999999997
  },
  "2-4": {
   "cx": 2018.4694,
   "cy": 1681.8056000000001
  },
  "1-5": {
   "cx": 1940.4842,
   "cy": 1996.645
  },
  "1-1": {
   "cx": 1946.5128,
   "cy": 1823.5719999999997
  },
  "1-7": {
   "cx": 1856.962,
   "cy": 1907.0942
  },
  "1-3": {
   "cx": 2030.0350000000003,
   "cy": 1913.1228000000003
  },
  "1-6": {
   "cx": 1880.1763999999998,
   "cy": 1969.1673999999998
  },
  "1-2": {
   "cx": 2006.8206000000002,
   "cy": 1851.0486
  },
  "1-8": {
   "cx": 1884.4386,
   "cy": 1846.7863999999997
  },
  "1-4": {
   "cx": 2002.5574000000001,
   "cy": 1973.4306000000001
  }
 },
 "landmarks": {
  "restroom": {
   "cx": 2602.3881111111114,
   "cy": 2484.076444444444
  },
  "reception_area": {
   "cx": 2091.7368625000004,
   "cy": 1906.1946500000001
  },
  "ceremony_seating": {
   "cx": 2888.742804761902,
   "cy": 639.7856047619052
  },
  "sweetheart_table": {
   "cx": 2900.9779999999996,
   "cy": 1368.133818181818
  },
  "activities": {
   "cx": 2579.4704166666666,
   "cy": 1569.6260416666664
  },
  "bar": {
   "cx": 2422.8432380952386,
   "cy": 1292.993476190476
  },
  "welcome_table": {
   "cx": 1300.608777777778,
   "cy": 2006.770777777778
  },
  "dj": {
   "cx": 2924.8553333333334,
   "cy": 2203.2331111111107
  },
  "guest_artist": {
   "cx": 3417.4899583333336,
   "cy": 1171.3368333333335
  },
  "gift_table": {
   "cx": 1643.6917777777776,
   "cy": 2206.4547777777784
  }
 }
}