{
 "viewBox": "750 844 2283 1637",
 "tables": {
  "1": {
   "cx": 1589.9756,
   "cy": 1751.3559999999998,
   "r": 38.886999999999944
  },
  "2": {
   "cx": 1598.9515999999999,
   "cy": 1586.863,
   "r": 38.886999999999944
  },
  "3": {
   "cx": 1735.3156,
   "cy": 1807.6679999999997,
   "r": 38.886999999999944
  },
  "4": {
   "cx": 1741.3136,
   "cy": 1637.925,
   "r": 38.886999999999944
  },
  "5": {
   "cx": 1891.4135999999999,
   "cy": 1813.5349999999999,
   "r": 38.886999999999944
  },
  "6": {
   "cx": 1893.2466,
   "cy": 1636.42,
   "r": 38.886999999999944
  },
  "7": {
   "cx": 2267.8696000000004,
   "cy": 1807.6349999999998,
   "r": 38.88700000000017
  },
  "8": {
   "cx": 2268.7025999999996,
   "cy": 1637.52,
   "r": 38.88700000000017
  },
  "9": {
   "cx": 2418.2986,
   "cy": 1813.542,
   "r": 38.88700000000017
  },
  "10": {
   "cx": 2418.1306000000004,
   "cy": 1647.426,
   "r": 38.88700000000017
  },
  "11": {
   "cx": 2580.4016,
   "cy": 1812.324,
   "r": 38.88700000000017
  },
  "12": {
   "cx": 2574.8226000000004,
   "cy": 1647.8489999999997,
   "r": 38.88700000000017
  }
 },
 "seats": {
  "12-6": {
   "cx": 2546.7115714285715,
   "cy": 1682.4071428571426
  },
  "12-2": {
   "cx": 2618.489428571428,
   "cy": 1614.0638571428572
  },
  "12-4": {
   "cx": 2616.7721428571426,
   "cy": 1684.1244285714286
  },
  "12-8": {
   "cx": 2548.427857142857,
   "cy": 1612.3465714285715
  },
  "12-5": {
   "cx": 2581.3857142857137,
   "cy": 1697.7755714285715
  },
  "12-1": {
   "cx": 2583.8142857142852,
   "cy": 1598.6954285714287
  },
  "12-7": {
   "cx": 2533.0604285714285,
   "cy": 1647.0207142857143
  },
  "12-3": {
   "cx": 2632.1405714285715,
   "cy": 1649.4492857142855
  },
  "11-6": {
   "cx": 2552.289571428572,
   "cy": 1846.8821428571428
  },
  "11-2": {
   "cx": 2624.067428571428,
   "cy": 1778.5388571428573
  },
  "11-4": {
   "cx": 2622.350142857143,
   "cy": 1848.599428571429
  },
  "11-8": {
   "cx": 2554.0068571428574,
   "cy": 1776.8215714285714
  },
  "11-5": {
   "cx": 2586.9647142857143,
   "cy": 1862.2505714285712
  },
  "11-1": {
   "cx": 2589.393285714286,
   "cy": 1763.1704285714284
  },
  "11-7": {
   "cx": 2538.638428571429,
   "cy": 1811.4967142857145
  },
  "11-3": {
   "cx": 2637.718571428571,
   "cy": 1813.9252857142856
  },
  "10-6": {
   "cx": 2390.0185714285717,
   "cy": 1681.985142857143
  },
  "10-2": {
   "cx": 2461.796428571429,
   "cy": 1613.640857142857
  },
  "10-4": {
   "cx": 2460.080142857143,
   "cy": 1683.7024285714285
  },
  "10-8": {
   "cx": 2391.735857142857,
   "cy": 1611.9245714285712
  },
  "10-5": {
   "cx": 2424.693714285714,
   "cy": 1697.3535714285715
  },
  "10-1": {
   "cx": 2427.1222857142857,
   "cy": 1598.2724285714285
  },
  "10-7": {
   "cx": 2376.3674285714287,
   "cy": 1646.5987142857143
  },
  "10-3": {
   "cx": 2475.447571428572,
   "cy": 1649.0272857142859
  },
  "9-6": {
   "cx": 2390.1865714285714,
   "cy": 1848.100142857143
  },
  "9-2": {
   "cx": 2461.964428571428,
   "cy": 1779.756857142857
  },
  "9-4": {
   "cx": 2460.247142857143,
   "cy": 1849.8174285714283
  },
  "9-8": {
   "cx": 2391.9038571428573,
   "cy": 1778.0395714285717
  },
  "9-5": {
   "cx": 2424.8617142857142,
   "cy": 1863.4685714285715
  },
  "9-1": {
   "cx": 2427.290285714286,
   "cy": 1764.3884285714284
  },
  "9-7": {
   "cx": 2376.535428571428,
   "cy": 1812.713714285714
  },
  "9-3": {
   "cx": 2475.6155714285715,
   "cy": 1815.142285714286
  },
  "8-6": {
   "cx": 2240.590571428572,
   "cy": 1672.0781428571427
  },
  "8-2": {
   "cx": 2312.3684285714285,
   "cy": 1603.7348571428574
  },
  "8-4": {
   "cx": 2310.651142857143,
   "cy": 1673.7954285714288
  },
  "8-8": {
   "cx": 2242.3078571428573,
   "cy": 1602.0175714285713
  },
  "8-5": {
   "cx": 2275.264714285714,
   "cy": 1687.4465714285711
  },
  "8-1": {
   "cx": 2277.6932857142856,
   "cy": 1588.3664285714287
  },
  "8-7": {
   "cx": 2226.9394285714284,
   "cy": 1636.6927142857141
  },
  "8-3": {
   "cx": 2326.0195714285715,
   "cy": 1639.1212857142855
  },
  "7-6": {
   "cx": 2239.7575714285713,
   "cy": 1842.1941428571427
  },
  "7-2": {
   "cx": 2311.5354285714284,
   "cy": 1773.8498571428572
  },
  "7-4": {
   "cx": 2309.8191428571427,
   "cy": 1843.9104285714286
  },
  "7-8": {
   "cx": 2241.474857142857,
   "cy": 1772.1325714285715
  },
  "7-5": {
   "cx": 2274.432714285714,
   "cy": 1857.5625714285718
  },
  "7-1": {
   "cx": 2276.8612857142857,
   "cy": 1758.4814285714288
  },
  "7-7": {
   "cx": 2226.1064285714288,
   "cy": 1806.8077142857142
  },
  "7-3": {
   "cx": 2325.1875714285716,
   "cy": 1809.2362857142855
  },
  "6-6": {
   "cx": 1865.1345714285715,
   "cy": 1670.9781428571425
  },
  "6-2": {
   "cx": 1936.9124285714286,
   "cy": 1602.634857142857
  },
  "6-4": {
   "cx": 1935.1951428571429,
   "cy": 1672.6954285714285
  },
  "6-8": {
   "cx": 1866.8508571428574,
   "cy": 1600.9175714285714
  },
  "6-7": {
   "cx": 1851.4834285714285,
   "cy": 1635.5927142857145
  },
  "6-3": {
   "cx": 1950.5635714285713,
   "cy": 1638.0212857142858
  },
  "6-5": {
   "cx": 1899.8087142857141,
   "cy": 1686.3465714285715
  },
  "6-1": {
   "cx": 1902.2372857142855,
   "cy": 1587.2664285714286
  },
  "5-6": {
   "cx": 1863.3015714285714,
   "cy": 1848.0941428571427
  },
  "5-2": {
   "cx": 1935.0794285714285,
   "cy": 1779.749857142857
  },
  "5-4": {
   "cx": 1933.3621428571428,
   "cy": 1849.8104285714285
  },
  "5-8": {
   "cx": 1865.018857142857,
   "cy": 1778.0325714285714
  },
  "5-7": {
   "cx": 1849.6504285714288,
   "cy": 1812.7077142857142
  },
  "5-3": {
   "cx": 1948.7305714285715,
   "cy": 1815.1362857142856
  },
  "5-5": {
   "cx": 1897.9767142857145,
   "cy": 1863.4625714285714
  },
  "5-1": {
   "cx": 1900.4052857142858,
   "cy": 1764.3814285714288
  },
  "4-6": {
   "cx": 1713.2025714285714,
   "cy": 1672.4831428571429
  },
  "4-2": {
   "cx": 1784.9804285714283,
   "cy": 1604.139857142857
  },
  "4-4": {
   "cx": 1783.2631428571426,
   "cy": 1674.2004285714288
  },
  "4-8": {
   "cx": 1714.9188571428572,
   "cy": 1602.4225714285715
  },
  "4-7": {
   "cx": 1699.5504285714287,
   "cy": 1637.0977142857141
  },
  "4-3": {
   "cx": 1798.6315714285718,
   "cy": 1639.5262857142857
  },
  "4-5": {
   "cx": 1747.8767142857141,
   "cy": 1687.8515714285713
  },
  "4-1": {
   "cx": 1750.3052857142854,
   "cy": 1588.7714285714285
  },
  "3-6": {
   "cx": 1707.2035714285714,
   "cy": 1842.2271428571426
  },
  "3-2": {
   "cx": 1778.9814285714285,
   "cy": 1773.8828571428571
  },
  "3-4": {
   "cx": 1777.2641428571426,
   "cy": 1843.9434285714285
  },
  "3-8": {
   "cx": 1708.9208571428571,
   "cy": 1772.1655714285712
  },
  "3-7": {
   "cx": 1693.5524285714287,
   "cy": 1806.8407142857143
  },
  "3-3": {
   "cx": 1792.6325714285715,
   "cy": 1809.269285714286
  },
  "3-5": {
   "cx": 1741.8777142857143,
   "cy": 1857.5945714285715
  },
  "3-1": {
   "cx": 1744.3062857142857,
   "cy": 1758.5144285714287
  },
  "2-6": {
   "cx": 1570.8395714285714,
   "cy": 1621.4221428571432
  },
  "2-2": {
   "cx": 1642.6174285714285,
   "cy": 1553.0778571428568
  },
  "2-4": {
   "cx": 1640.9001428571428,
   "cy": 1623.138428571429
  },
  "2-8": {
   "cx": 1572.5568571428573,
   "cy": 1551.361571428571
  },
  "2-7": {
   "cx": 1557.1884285714289,
   "cy": 1586.0357142857142
  },
  "2-3": {
   "cx": 1656.2685714285712,
   "cy": 1588.4642857142858
  },
  "2-5": {
   "cx": 1605.5137142857145,
   "cy": 1636.7905714285714
  },
  "2-1": {
   "cx": 1607.9422857142858,
   "cy": 1537.7094285714286
  },
  "1-6": {
   "cx": 1561.8645714285715,
   "cy": 1785.9151428571427
  },
  "1-2": {
   "cx": 1633.6424285714286,
   "cy": 1717.5708571428572
  },
  "1-4": {
   "cx": 1631.9251428571426,
   "cy": 1787.6314285714286
  },
  "1-8": {
   "cx": 1563.5808571428572,
   "cy": 1715.8545714285715
  },
  "1-7": {
   "cx": 1548.2134285714287,
   "cy": 1750.5287142857142
  },
  "1-3": {
   "cx": 1647.2935714285716,
   "cy": 1752.9572857142855
  },